id,BC,FF,Rs,Rsh,VOC,jsc
1,Ag,42.05077769,1201.02073,3207157.274,313.589943,9.0800
2,Ag,31.44833907,23063.72733,1139940.919,305.73625,14.4411
3,Ag,44.52844336,77754.33149,2474439.611,403.290236,14.9000
4,Ag,42.47006242,60349.26229,2323488.838,402.432026,14.8000
5,Ag,42.71045734,141620.041,2582383.661,407.892966,13.5000
6,Ag,41.93021651,182548.1347,3082773.338,408.952705,12.8000
7,Ag,33.25774142,86883.19578,2012722.108,216.85994,7.3100
8,Ag,32.4360013,1106140.408,3009070.904,330.152091,6.6100
9,Ag,43.2356536,110096.9616,3158644.726,407.203076,13.2000
10,Ag,35.23971131,491122.3571,2467333.972,410.842653,12.2000
11,Ag,35.93822131,420610.6405,2596688.966,424.257594,12.7000
12,Ag,37.49549973,328695.4812,2674906.185,414.902079,12.8000
13,Ag,32.97431945,128282.0669,1598482.283,274.145649,11.5000
14,Ag,34.9758684,384390.653,2258399.787,399.543687,12.6000
15,Ag,26.39783717,909115.7676,2088875.659,393.065519,7.9700
16,Ag,32.73135485,592601.3304,3167844.592,360.344318,8.4800
17,Ag,46.18335968,191507.3707,4675461.508,348.086121,10.6000
18,Ag,47.02909473,83333.84948,3578169.82,387.618687,13.0000
19,Ag,44.643984,83210.34639,3772965.47,405.214231,12.0000
20,Ag,30.7762608,240794.6572,1235600.146,268.091094,12.3000
21,Ag,40.36815255,88334.1928,3011735.129,387.302025,11.9000
22,Ag,37.27078982,396811.9955,2990644.705,416.115243,11.6000
23,Ag,24.25739324,113192.3144,286135.8218,66,9.0700
24,Ag,44.86900716,105854.825,569540.551,408.705556,11.9000
25,Ag,40.75915805,239740.9109,3286672.999,426.683993,11.8000
26,Ag,39.83357072,305462.6718,3530823.87,425.330267,10.6000
27,Ag,38.9079709,285382.7183,3063144.851,422.742594,11.7000
28,Ag,37.9051233,202924.321,2872870.378,400.637253,11.1706
29,Ag,35.32882249,402762.5277,3188391.005,388.421156,9.6000
30,Ag,31.05873005,887351.7163,2904805.371,393.811769,8.0300
31,Ag,37.45546185,507123.6602,3956000.605,389.654555,8.9300
32,Ag,30.13075956,852663.0744,3095424.963,361.294837,7.7700
33,Ag,52.43957518,15565.80955,5076089.778,354.406722,11.3000
34,Ag,46.22320348,98441.23462,4451705.776,400.850138,10.7000
35,Ag,35.81471945,195941.1749,2749271.889,380.737634,10.3000
36,Ag,42.77462125,172560.6685,4046762.567,421.926149,10.1859
37,Ag,40.93545565,234386.2817,3788165.78,423.58264,10.2000
38,Ag,39.96184711,556347.304,4084090.505,397.018106,8.8000
39,Ag,34.30923274,759485.7151,3500099.877,410.872689,8.8500
40,Ag,33.28467914,834713.1293,3588129.869,404.021323,8.4500
41,Ag,33.46818497,797430.7252,3783082.787,392.731572,8.0000
42,Ag,22.93718277,115192.9632,286429.848,57.3,7.9000
43,Ag,52.8312713,13741.17393,4167413.806,341.336102,12.6000
44,Ag,50.28692208,59735.60887,5064546.402,366.299059,11.6000
45,Ag,26.07256391,69499.24501,530721.3832,126.813921,10.3000
46,Ag,41.61978112,211379.7151,4021888.449,409.085833,9.4801
47,Ag,37.9873971,497239.6747,3890207.436,415.679136,8.7800
48,Ag,34.9959546,734785.6122,3860000.188,411.237062,8.6500
49,Ag,31.06211922,718876.1263,2636775.443,334.650557,7.9500
50,Ag,28.6802377,1206875.877,2959522.424,346.42143,6.8200
51,Ag,28.20733615,1001289.759,2702822.63,362.919689,7.4800
52,Ag,50.4884378,55186.09273,4152804.145,347.804766,12.9463
53,Ag,30.13161575,94013.98353,1151636.205,251.251574,11.9000
54,Ag,39.10939637,294469.1162,4121673.362,403.023425,8.5800
55,Ag,38.91387308,353936.2579,3763272.825,407.824457,9.4200
56,Ag,36.32418203,244796.2798,3735523.412,403.410889,8.5000
57,Ag,34.58684868,668876.3535,3920998.039,396.410273,8.2300
58,Ag,34.91083831,626276.3453,3188714.569,299.901805,7.2300
59,Ag,28.74788938,1038511.043,2940911.234,359.185092,7.6800
60,Ag,26.93395868,292583.5896,961949.6923,173.226274,8.5300
61,Ag,52.95868252,14818.86107,3795198.795,346.537231,14.5000
62,Ag,38.83022301,356701.6973,3307410.435,379.161557,10.8000
63,Ag,41.2818385,311339.8628,4164866.726,397.996148,9.9900
64,Ag,40.90159703,295592.4958,4365822.658,397.331342,9.3200
65,Ag,35.74009673,508556.4089,3978417.17,385.091015,8.7300
66,Ag,31.22197545,526265.4607,2370144.666,300.386716,7.9900
67,Ag,23.08631168,1795674.474,1842472.833,290.657644,6.1600
68,Ag,25.11757348,873306.9293,1854987.594,319.317894,8.4100
69,Ag,47.78985523,89670.83401,3426357.107,355.534176,13.9000
70,Ag,36.08598404,94201.53301,1766658.731,318.380566,12.6784
71,Ag,44.3147045,165783.3212,4283688.718,386.334447,10.8000
72,Ag,38.92518625,384828.0612,3831880.188,386.819036,10.0000
73,Ag,29.81576155,324258.0156,1304117.276,232.702667,9.1900
74,Ag,34.43139341,518625.02,3574597.874,370.418949,9.6100
75,Ag,25.27062434,945789.8261,1884265.126,321.012853,8.0200
76,Ag,27.14442939,681314.1062,2097646.394,341.139095,9.9970
77,Ag,41.14951583,123029.358,2522009.876,361.652943,13.2000
78,Ag,40.76953275,312260.3682,3590850.147,391.825602,12.2000
79,Ag,41.87238398,198959.1289,3499969.639,347.444989,11.9000
80,Ag,33.17740295,630018.6212,2391163.674,312.36414,9.3200
81,Ag,24.37405978,1007254.926,1768666.35,316.683485,8.0100
82,Ag,27.8920933,596922.9232,2085428.659,341.707396,10.1000
83,Ag,33.12743591,363078.0198,2557290.474,362.25301,12.2000
84,Ag,36.21838735,397337.2926,3112564.254,377.986621,11.3000
85,Ag,36.91224586,353547.3657,3022557.747,375.775628,12.1242
86,Ag,34.41405384,403222.1787,2065137.445,335.253985,11.9000
87,Ag,26.29716,559936.7739,1678460.249,346.367831,11.8000
88,Ag,27.61468151,538614.9695,1706816.017,359.386382,11.8000
89,Ag,53.31418163,12938.80924,2569549.099,364.670117,25.3000
90,Ag,0,14530.24181,5247565061,0,0.0000
91,Ag,64.27616548,24833.79363,3166454.737,254.236178,15.1000
92,Ag,0,2778976209,2361252274,0,0.0000
93,Ag,35.07226882,245099.2183,1877918.744,337.987065,14.1000
94,Ag,42.34230777,6461.842276,916317.1203,330.623119,32.9000
95,Ag,43.20559908,36922.4643,1531153.42,333.480623,25.3000
96,Ag,36.45449751,110810.2773,1228255.742,345.980883,20.7000
97,Ag,33.27669813,383509.0043,2037113.504,401.777581,15.9000
98,Ag,26.03673775,29924.87493,258217.6296,106.834295,14.7000
99,Ag,27.38766722,547402.0888,1496597.097,362.020307,12.7000
100,Ag,34.00286081,47465.27685,912541.8067,206.703491,16.0000
101,Ag,8272.050148,356222.449,6836.334177,1.83,10.6000
102,Ag,35.41116637,31.928562,1401235.411,300.17702,14.4000
103,Ag,27.72047072,870408.8277,2172670.721,365.895785,8.0400
104,Ag,46.25767237,248.4838006,2733658.205,320.130555,11.7000
105,Ag,5585.794646,381949.8665,3200.266394,0.899,10.9000
106,Ag,36.53402282,462660.9366,3517622.079,376.705602,9.1200
107,Ag,26.44989932,470.9155587,567586.1254,137.049155,10.6000
108,Ag,24.06205789,18198.33841,100875.0565,32.1,12.8000
109,Ag,40.14109393,235609.7827,3532556.578,421.411537,10.4631
110,Ag,23.15388881,10802.01065,2248501.093,335.379766,5.8200
111,Ag,26.01961576,5964.357726,258429.8503,71.1,11.9234
112,Ag,27.34325886,8399.48287,2186248.04,292.038407,6.2500
113,Ag,40.92575353,322736.686,4381650.086,414.586011,9.6800
114,Ag,41.38650756,233738.6796,4180072.633,412.835634,9.5800
115,Ag,36.31705966,297716.4909,3195268.059,382.34378,9.4600
116,Ag,42.4191869,329069.7877,4545921.883,388.480558,10.3086
117,Ag,23.78965657,1615886.445,1948561.05,298.549979,6.4800
118,Ag,24.07169119,449.4851573,165779.7133,53,12.6000
119,Ag,44.74351523,455.2825919,4213857.074,379.216044,11.4000
120,Ag,40.76921114,221182.9782,3877698.191,395.725464,9.4800
121,Ag,32.9630153,27077.58718,1775904.793,317.929124,9.5600
122,Ag,23.56839987,5104.825334,1646683.507,268.431636,6.5900
123,Ag,55.6398743,10606.16369,731802.7714,263.779139,15.6000
124,Ag,40.87256801,49264.26079,1944655.3,255.529161,11.2000
125,Ag,43.1729248,4866.445369,2374726.327,260.242415,10.7059
126,Ag,32.0339677,300964.9683,2480768.412,335.03817,9.8000
127,Ag,24.96886994,657.8303437,91693.43196,43.478405,18.6000
128,Ag,25.46364159,21402.82028,87367.50105,41.8,19.3000
129,Ag,38.46615877,170950.4213,1864136.374,348.911376,18.1000
130,Ag,30.8687266,104381.3513,1638580.148,356.572978,15.4000
131,Co,41.13444953,4929.93848,2390042.957,147.847109,7.8500
132,Co,34.17767891,7969.588333,1790941.719,214.115867,7.7400
133,Co,46.20876354,18677.53948,4490313.311,269.14976,8.0900
134,Co,44.38184455,51009.30003,4857671.968,317.161309,7.7700
135,Co,41.46700291,70380.36983,4213467.934,365.242919,7.8300
136,Co,38.73517024,130756.9312,3650756.16,421.053959,8.4200
137,Co,36.18874405,198086.0095,3092820.333,439.816101,8.8400
138,Co,36.4644302,233096.6468,3320116.425,443.246739,8.7001
139,Co,29.51781895,171523.5356,2277828.16,355.705887,7.8600
140,Co,36.36560675,219527.741,4523152.019,416.293334,6.4200
141,Co,37.04689161,217281.7857,4109302.112,364.81918,6.7800
142,Co,36.60763934,263252.9853,4144856.34,339.97428,6.4500
143,Co,41.54261593,24295.9372,3101012.676,193.232877,8.2000
144,Co,46.05818218,37240.85053,4481487.216,295.107794,8.4100
145,Co,42.4681868,88266.89359,3684649.184,316.127744,8.6800
146,Co,38.14097755,208066.1437,3271626.217,372.167071,8.6200
147,Co,36.47191538,235643.8453,2881207.183,419.822962,8.9700
148,Co,35.59234427,295960.2498,2871640.357,441.549983,9.0900
149,Co,34.05385105,268406.0822,2826417.003,414.429678,8.7400
150,Co,35.25753831,317013.2234,3749500.294,411.432508,7.1600
151,Co,34.39799631,207706.5632,2962380.664,323.453824,7.3200
152,Co,31.93324728,590793.7476,3291400.936,326.557967,6.1300
153,Co,41.04285577,13953.68526,2384573.888,170.569802,8.4000
154,Co,47.29720726,23041.68396,4570293.742,261.255775,8.6600
155,Co,37.79243401,59326.67519,2287055.919,258.532994,8.7500
156,Co,39.14158509,217229.8454,3303857.27,355.952374,8.2900
157,Co,38.92938684,212014.8915,3741889.466,401.250501,8.9900
158,Co,37.18063707,313935.6339,2900653.161,424.781903,9.5200
159,Co,38.15529609,169027.7743,3138336.523,416.710887,9.1900
160,Co,37.79505792,322163.031,3553596.17,417.836933,8.2700
161,Co,39.39097211,263945.3648,4274522.381,375.507224,7.9200
162,Co,34.56930397,435886.7134,3573384.653,347.642391,6.6500
163,Co,34.77798305,344937.548,3419553.885,308.74148,6.0700
164,Co,40.85258476,176381.2798,4938792.26,282.950579,7.4500
165,Co,41.31098426,4033.989212,2120825.831,120.33192,9.6700
166,Co,45.04247499,8261.377951,4083384.452,172.665662,8.1500
167,Co,43.62879971,36324.61153,4090516.794,197.815004,8.2800
168,Co,39.46981829,155980.95,3478439.808,261.41316,8.5000
169,Co,40.37924901,172499.1098,3625888.297,308.800307,8.5800
170,Co,40.94362831,169699.2383,3851569.192,374.446774,8.3900
171,Co,39.42472634,167090.2273,3640305.338,376.479006,8.7400
172,Co,37.3666814,318727.7277,3404096.745,373.168426,8.5100
173,Co,38.82240364,380034.1183,4709900.321,357.766989,7.5200
174,Co,34.72659544,451805.7149,3787944.877,323.789169,6.3500
175,Co,36.57650505,231244.742,3605020.069,263.138469,7.5700
176,Co,25.8507083,62161.00046,703436.5771,76.7,4.4800
177,Co,34.66564584,2205.579222,613325.973,101.274206,13.4027
178,Co,42.13911781,6520.369129,2647389.131,147.376709,8.5200
179,Co,45.52086804,54883.79279,4835653.056,254.771793,8.1800
180,Co,42.4426158,91221.78735,4303541.065,294.682653,7.9800
181,Co,41.89722071,93878.88264,3837821.267,264.334144,8.3000
182,Co,42.17678358,190154.1629,4648539.569,368.180392,7.5400
183,Co,31.06716454,13931.02035,740207.6302,95.3,7.8500
184,Co,37.22107839,263714.0521,3222410.771,314.480963,8.0500
185,Co,27.96675075,192424.1165,985867.3801,151.312947,7.2000
186,Co,37.75574031,80486.46172,2736427.327,178.905887,8.3300
187,Co,37.84920664,153481.1489,3306167.323,225.601953,7.8800
188,Co,39.66229282,114747.7514,3253667.593,237.802643,7.7100
189,Co,37.24659562,194725.9585,3466927.788,247.882021,7.4000
190,Co,39.93628592,233639.1096,4387317.156,311.86234,7.5100
191,Co,36.84688474,351057.3426,4115131.28,310.835937,7.3000
192,Co,25.17154863,603565.8215,2242945.564,177.541627,3.1000
193,Co,26.53958594,57904.42029,617646.0652,81.9,5.7600
194,Co,31.71674442,1040.781253,425191.0743,98.4,15.3000
195,Co,38.96311696,7805.763472,1406799.174,137.399043,12.8000
196,Co,43.48595041,37577.06085,4109128.804,193.329035,8.3100
197,Co,40.03021664,108526.8492,3925410.738,223.145822,7.9200
198,Co,39.52708226,125999.594,3863647.478,230.003355,7.4800
199,Co,36.17954524,135786.0941,2650711.624,196.517734,7.2500
200,Co,33.99518434,187718.4332,2399977.893,234.59636,6.8500
201,Co,42.13772859,204217.255,5198693.97,315.817528,6.9500
202,Co,40.72302037,364958.9107,5379175.523,363.42284,6.9600
203,Co,32.0201494,602127.6175,3464672.353,342.343932,5.4200
204,Co,28.25244541,360254.3106,2325695.955,216.668177,4.5900
205,Co,34.77933092,9348.127259,731013.9751,143.631182,16.8580
206,Co,40.72527922,17188.08654,1912372.684,142.955765,11.7000
207,Co,39.06808857,85203.419,3173041.624,190.845651,8.5400
208,Co,41.21446222,75982.69493,4221383.452,218.581552,7.3700
209,Co,31.81025726,107742.2513,1391957.924,133.001063,7.0500
210,Co,39.30280102,103796.7685,3709496.42,249.382311,6.5000
211,Co,41.89655534,285660.182,5375388.638,335.572915,6.5900
212,Co,29.40788241,125815.4766,1243968.386,140.157919,6.7600
213,Co,30.96890656,29897.1063,661187.4406,95.1,9.7300
214,Co,29.37071353,695.5419375,348105.2594,74.5,11.3328
215,Co,31.04783522,974.3297043,399718.8399,93.8,14.1000
216,Co,33.29158739,4432.323265,408189.0255,80.9,15.8000
217,Co,32.0709048,16850.05069,441516.7393,77.1,13.4000
218,Co,31.65188699,53314.12693,742495.6775,101.686545,10.3000
219,Co,29.45373719,86010.18491,707690.3139,96.7,8.0800
220,Co,34.54826476,128423.0296,2049238.076,166.858048,8.5800
221,Co,32.85847009,127585.9624,1525683.99,158.85648,9.2100
222,Co,29.78428401,12243.01051,384169.0002,72.1,11.2000
223,Co,27.70133644,1115.598383,410637.9627,80.9,9.0500
224,Co,31.69659055,4772.990385,650858.8221,148.065317,14.3000
225,Co,30.60020324,9530.24067,297267.6712,78.4,16.1000
226,Co,30.76358829,24144.37883,372292.3537,79.555285,14.4000
227,Co,26.98379726,39321.8111,231468.4534,53.9,11.2000
228,Co,29.58376725,54717.53289,480861.7638,88.3,11.3000
229,Co,31.03962815,67985.93397,725721.5711,113.408092,11.1000
230,Co,32.85185652,102559.5045,1313672.629,160.52345,10.4000
231,Co,33.22479513,128203.5558,1680543.152,175.21544,9.8700
232,Co,31.49768264,54540.45857,685561.6481,134.97562,14.0000
233,Co,31.72013919,1665.622068,423374.379,89.343009,13.6598
234,Co,27.24752207,11000.90794,174747.1528,46,13.5000
235,Co,27.83214732,31682.52383,220154.6386,56.234977,12.9000
236,Co,26.16847412,23625.05399,177291.5369,48,13.1000
237,Co,27.91234918,29550.69353,252602.7312,63,12.9000
238,Co,25.03290923,5074.957648,64841.97144,23.5,14.7000
239,Co,31.16385402,17630.54871,555567.8036,131.216609,15.1000
240,Co,32.63150158,4240.616891,612901.8865,117.276109,13.1000
241,Co,25.59680492,3393.121512,174187.0976,31.2,8.3700
242,Co,25.70068474,6636.99576,103441.3739,23.7,10.2000
243,Co,29.5168058,662.3752062,780984.6802,78.2,5.4000
244,Co,33.67164942,812.5729419,2175784.532,140.822612,4.2100
245,Co,36.21911066,359.9169364,3411449.512,129.319484,3.0200
246,Co,30.296932,520.4240142,1236136.427,71.029243,3.1400
247,Co,26.32868638,158.0169584,752963.5647,32.9,2.0100
248,Co,26.1294672,-12891854.65,354208.5808,22.270859,2.7700
249,Cu,45.14836909,15202.44332,2241272.901,160.364421,11.5000
250,Cu,26.03823738,11461.66215,610723.7129,170.187127,11.4881
251,Cu,44.2041354,38963.50097,2943055.787,330.466402,10.1000
252,Cu,41.26835919,72611.92554,2601966.475,355.122193,9.5600
253,Cu,38.68182222,70822.66696,2403442.973,368.414667,9.7900
254,Cu,37.17070814,104870.7112,2358810.198,384.431143,10.3000
255,Cu,35.30045714,300513.0257,2315293.68,386.299162,9.9200
256,Cu,34.65470492,221639.371,2336109.301,375.646274,9.7600
257,Cu,35.0669748,361486.8601,2805961.476,365.695877,7.9300
258,Cu,27.74374694,33781.4809,438615.8201,100.838817,11.2822
259,Cu,46.25475393,26495.20278,2299683.224,176.067153,17.3000
260,Cu,43.47182125,81306.08133,2628024.41,321.178557,11.7000
261,Cu,41.2628066,114895.7664,2515971.52,359.30638,11.1000
262,Cu,37.41367291,225440.444,2174383.466,385.28068,11.1000
263,Cu,35.03410347,278596.0027,1998804.454,389.913155,11.5000
264,Cu,33.94081207,270028.2113,1864133.788,395.860602,12.1000
265,Cu,32.70328762,237831.6378,1735040.043,353.450013,11.6000
266,Cu,34.63817419,196603.2898,1950767.055,384.88135,11.4000
267,Cu,33.42761596,236244.9311,2036495.328,369.333936,10.1000
268,Cu,29.78683205,471933.2944,2066116.992,349.415055,8.0100
269,Cu,26.92648509,792145.8797,1709601.585,272.169439,7.0700
270,Cu,29.22037947,153258.4783,897063.6693,158.72283,9.5100
271,Cu,43.99508265,46128.49565,2913098.257,159.424364,13.2000
272,Cu,44.17784331,36016.82468,2190610.132,176.733712,18.4598
273,Cu,47.51403347,16383.65557,2933388.839,315.517769,12.1000
274,Cu,42.07240137,56110.55847,2454523.15,357.682473,11.6000
275,Cu,38.00023096,221805.7401,2315703.831,389.463002,11.3901
276,Cu,37.13425529,215102.6216,2104599.79,399.780281,12.1000
277,Cu,36.60775072,109596.7991,1939263.706,391.991839,12.6000
278,Cu,27.73710986,132153.9097,1012015.264,270.975572,12.2000
279,Cu,34.79812735,245877.0564,1981497.669,378.201743,11.4000
280,Cu,37.19752241,288053.7092,2327200.968,374.487735,10.9000
281,Cu,36.57925199,307556.1388,2561059.021,350.553548,9.4400
282,Cu,39.08132409,266825.1869,3116583.13,339.020835,10.2000
283,Cu,36.53303145,113344.9636,2083145.966,222.537922,12.9000
284,Cu,45.63483895,26466.14827,3384882.296,163.833816,12.5000
285,Cu,46.75627773,16495.30675,2628885.935,165.413248,17.4000
286,Cu,49.55503927,12076.74633,3093934.172,259.698796,13.0000
287,Cu,45.29307399,26563.39938,2834447.576,348.183962,11.5000
288,Cu,40.07081546,84283.94171,2299132.216,376.943135,11.4000
289,Cu,40.28035041,106400.58,2449333.76,399.011183,11.4000
290,Cu,38.67370862,128019.1098,2133813.733,401.784888,12.3000
291,Cu,39.32140195,94989.33013,2160259.313,396.804536,12.4000
292,Cu,36.25347122,390638.1187,2374599.39,390.433602,10.7000
293,Cu,37.1737154,195829.078,2480167.389,367.418908,10.6000
294,Cu,33.52618449,402763.1603,2170359.068,313.830301,9.9400
295,Cu,31.60350276,373494.3615,1910908.853,285.578383,9.3100
296,Cu,47.56401561,17451.87512,3092950.356,147.317647,14.3000
297,Cu,48.31674464,7078.578745,2765307.592,160.42584,16.2508
298,Cu,49.45847904,12090.41678,2624258.941,187.995212,19.3000
299,Cu,30.28749273,20273.41789,1063884.128,224.433116,10.9000
300,Cu,41.60446495,163288.9915,2766625.087,388.491787,10.8000
301,Cu,41.91581608,114149.9582,2600268.282,380.969162,11.1000
302,Cu,41.78613583,126732.0394,2714506.474,376.9567,10.7000
303,Cu,25.8157175,76177.74602,534450.2845,135.666553,10.8000
304,Cu,33.23741606,421679.6261,2382572.472,303.928075,10.3000
305,Cu,34.51617343,371772.9225,2869604.568,333.719876,9.8600
306,Cu,25.91670573,423223.2795,1044295.284,199.613274,8.5000
307,Cu,40.72884752,37081.53821,1536749.545,162.351754,14.8000
308,Cu,26.78445776,7455.683379,261148.0638,88.7,15.1000
309,Cu,48.76341877,6650.515531,3010893.444,156.990302,16.6000
310,Cu,46.23840757,27247.12418,2507724.761,175.553219,18.9000
311,Cu,26.0989438,27086.0245,255697.1236,87.4,15.5000
312,Cu,46.06511374,47327.27057,3111249.484,332.103522,10.5906
313,Cu,35.45934703,69988.96138,1983644.166,325.412955,9.9600
314,Cu,38.65094659,284181.9199,3044357.347,368.047359,9.7500
315,Cu,27.6207767,397033.4265,1675561.598,279.92283,9.7800
316,Cu,30.19375186,92815.62489,850620.7944,173.446923,14.0000
317,Cu,47.18441415,19903.80142,2988837.322,162.24416,15.9000
318,Cu,24.08368705,13225.69699,136827.6242,52.8,15.7000
319,Cu,41.90878274,47311.07537,1953055.888,172.974456,19.5000
320,Cu,35.69715817,91399.13052,1235390.567,191.576495,22.9000
321,Cu,30.85739046,61944.23626,587800.1018,162.932354,16.1000
322,Cu,43.12116719,103110.4803,3006385.423,284.845625,11.2000
323,Cu,26.96020497,153649.4707,757562.1611,205.30477,16.0000
324,Cu,41.70848748,35588.88442,2094648.154,161.778754,14.5000
325,Cu,44.8819068,11127.23885,1789176.817,200.994741,14.0000
326,Cu,48.47062801,6567.242835,3183663.456,155.994496,16.2000
327,Cu,34.34361119,18764.61857,484787.985,142.227243,19.7000
328,Cu,43.11771496,28991.47746,1479935.606,175.219393,20.7000
329,Cu,34.32453426,106674.3818,1054114.422,189.840332,21.4000
330,Cu,42.96656889,45314.40561,1636531.668,193.862539,25.3000
331,Cu,33.41715815,17024.61328,391675.3162,150.882498,25.7187
332,Cu,34.36036142,91689.05846,1183204.961,187.589643,18.8000
333,Cu,32.24797446,106751.2544,1175725.15,179.563814,14.9000
334,Cu,31.92055543,81045.50831,1006880.339,170.495164,14.5000
335,Cu,42.24564683,36666.4837,2272861.032,162.794327,14.6000
336,Cu,41.17144919,38152.63728,1981883.79,163.164645,16.0000
337,Cu,51.99207921,10818.38475,3520487.229,232.174933,13.9000
338,Cu,46.90780225,18478.21554,2411085.175,160.143512,17.8000
339,Cu,43.609343,32932.16958,1980385.85,174.634339,21.8000
340,Cu,37.87016332,76676.40587,1500195.949,181.787575,21.4000
341,Cu,39.57597203,55160.28292,1538841.014,184.530254,22.6000
342,Cu,40.27439302,54853.32389,1512860.49,187.766567,25.0000
343,Cu,26.14958458,18240.13958,142531.6766,85,24.3000
344,Cu,41.71548773,41537.9572,1862249.855,180.988553,19.9000
345,Cu,31.62315896,97181.56945,1028221.416,176.757301,16.2949
346,Cu,27.5119649,142992.3961,781339.7295,173.128808,13.6000
347,Cu,36.42990858,49165.3475,1195300.17,169.713493,14.2000
348,Cu,34.24308723,46735.55249,946313.407,160.952568,15.6000
349,Cu,43.13400251,29330.77803,2324281.358,146.684153,15.6000
350,Cu,48.89485946,9225.98755,3118111.809,272.34149,13.9000
351,Cu,30.70012214,30555.88211,325468.1534,140.458971,23.3000
352,Cu,46.60103718,21783.53531,1991475.652,187.971978,25.1997
353,Cu,43.16179494,38986.04401,1742881.505,191.543173,24.8000
354,Cu,41.38549483,48714.54112,1678867.526,192.464616,24.3000
355,Cu,34.51163156,85997.9323,1048577.024,187.877566,22.7000
356,Cu,30.33375418,98631.32787,839526.3881,180.937207,19.0000
357,Cu,31.64052029,97551.80974,871238.3784,179.454888,17.6000
358,Cu,34.06210494,60013.62269,1132431.944,173.497203,17.6000
359,Cu,34.55964902,51957.88921,1047773.468,174.570533,17.6254
360,Cu,32.45083905,62581.3427,941437.2115,183.321584,17.2000
361,Cu,42.51461968,31800.28669,1866983.519,188.983687,20.1000
362,Cu,50.24102355,20169.95668,2660872.789,209.233686,20.0000
363,Cu,49.18181484,29833.94338,2976407.847,291.090575,15.7000
364,Cu,49.4195634,51129.10154,3235137.168,252.84413,19.3000
365,Cu,40.60940706,66123.02515,1877682.32,228.399324,23.7000
366,Cu,40.709895,49869.08128,1487575.091,213.670793,27.9000
367,Cu,41.68721776,45932.74469,1380101.926,199.037614,28.6466
368,Cu,34.25989772,82039.75426,951046.6131,197.757793,26.0000
369,Cu,27.25776738,79699.69075,338767.0055,132.851533,21.1000
370,Cu,31.35384488,74995.2209,785474.0169,186.102399,21.6000
371,Cu,29.89099032,75373.50399,702471.991,182.551653,19.1000
372,Cu,40.66761888,26968.87106,1381999.784,180.422297,24.6000
373,Cu,43.75287092,27611.23954,1789384.302,208.661422,24.0000
374,Cu,44.33713783,46185.47373,2192592.141,238.123623,21.6000
375,Cu,46.71814148,33529.46073,2070242.427,209.965203,23.9000
376,Cu,28.50954314,44031.74775,726758.2382,219.886619,14.2153
377,Cu,48.79162458,61040.17546,3045978.972,291.23226,20.0167
378,Cu,27.10269073,123213.541,464840.2908,207.321669,26.5000
379,Cu,34.8308614,44334.24328,731806.1451,205.514889,29.2000
380,Cu,40.08707853,45068.68343,1108355.23,195.406293,31.4000
381,Cu,41.69963718,27371.26941,1091797.271,192.517284,32.4000
382,Cu,34.83676383,46598.33693,723290.4588,192.028975,18.8886
383,Cu,42.30152279,107913.6339,2178512.594,315.081852,19.6000
384,Cu,49.05761001,10225.62028,1945917.664,257.258484,24.6000
385,Cu,36.57536569,58770.2692,1687661.141,284.061831,12.3000
386,Cu,36.68601324,44698.30837,782586.9632,188.877932,21.9598
387,Cu,48.44177659,69713.80919,2728917.765,314.540925,22.9000
388,Cu,40.82417652,93334.61091,1850640.555,267.112098,32.3000
389,Cu,39.70603058,85389.47923,1448298.752,259.333488,32.1000
390,Cu,35.35998808,21721.72569,506254.0797,208.622987,28.4000
391,Cu,43.43230658,70706.91076,2183498.706,272.048433,27.6000
392,Cu,38.79506453,23225.04932,620701.0443,200.261844,39.7000
393,Cu,44.55396517,31225.4811,2091548.946,206.927777,24.7000
394,Cu,43.9929557,71598.41674,1906060.285,270.840764,21.0528
395,Cu,45.02044795,85432.10419,2319915.527,313.093885,24.0000
396,Cu,42.6028154,107232.6194,2134369.801,338.159369,21.5000
397,Cu,0.11704223,74366.2632,71764.2789,20,11.1000
398,Cu,18.67568927,243.9957184,114619.0638,26.48009,9.2500
399,Cu,1.519788154,131.2942618,3872.172,1.39,14.1000
400,Cu,0.542455319,65263.7491,16164.86651,4.15,10.1000
401,Cu,16.32533518,94.38686126,4692.389555,0.031,0.2540
402,Cu,27.01078854,187.9160594,261234.2297,81.9,15.5777
403,Ni,30.74592902,8230.55613,1673034.301,236.260992,7.2700
404,Ni,44.88365622,32492.32234,5091959.505,364.092652,6.9500
405,Ni,40.83006469,128127.4296,4846977.889,376.48407,6.7200
406,Ni,38.87350124,90135.79635,4548162.541,393.382205,7.0600
407,Ni,36.15650346,149753.4819,3792788.672,394.264751,7.6900
408,Ni,35.76764891,189606.2081,3833214.495,394.306127,7.6900
409,Ni,37.34850684,196863.728,4192110.879,397.401415,7.6500
410,Ni,37.11559758,132569.5738,4322742.734,382.92069,7.1100
411,Ni,29.09892015,114711.3314,2525679.474,282.979256,5.8000
412,Ni,36.77459577,708699.2128,3728450.92,374.946686,5.7900
413,Ni,35.16241117,485433.6232,4622214.868,352.720664,5.7600
414,Ni,34.60197728,340874.425,4386126.788,321.748671,5.5900
415,Ni,51.81451987,27740.19428,6312498.145,298.500872,7.3700
416,Ni,49.81977424,37431.31003,5987402.209,349.109496,7.2400
417,Ni,38.542831,48452.76871,3671431.604,360.295773,7.7700
418,Ni,39.03034833,270256.3527,4209568.266,395.441507,7.4400
419,Ni,37.77879754,357251.1364,4287385.212,403.972872,7.7100
420,Ni,29.80832997,183048.4529,1691151.997,261.718221,8.2700
421,Ni,35.18108643,166762.1839,3457835.701,404.113849,8.1900
422,Ni,36.15503053,320260.803,3954690.906,408.064141,8.0000
423,Ni,34.19548314,310986.4621,3950771.431,394.597991,6.8897
424,Ni,25.74976628,229912.0329,978247.4877,167.322617,6.7500
425,Ni,41.60816877,193126.0441,5274765.622,383.771647,6.7900
426,Ni,26.827898,258112.4656,1234204.021,197.992557,6.6900
427,Ni,34.41258472,499967.4474,4648598.114,321.835111,5.8000
428,Ni,51.25577412,45198.2537,6295294.432,301.527543,7.5600
429,Ni,47.8929259,34799.13691,5651119.135,323.885356,8.1100
430,Ni,44.99990497,49226.58378,4868746.209,375.186385,7.8700
431,Ni,35.51740555,203107.8003,3372666.814,368.60529,7.4300
432,Ni,39.27918477,186525.2078,4331822.362,403.801024,7.8900
433,Ni,38.61768375,71392.32454,4122172.987,402.52346,8.0500
434,Ni,36.00912396,404024.008,3576602.975,389.421869,7.5000
435,Ni,33.60886278,664738.5057,4581466.568,360.221432,6.4600
436,Ni,30.34774453,732057.6709,4223279.574,365.386028,5.5900
437,Ni,35.49549437,416614.6606,5076490.415,326.48574,5.9500
438,Ni,50.18160694,122929.3725,6851038.144,320.456218,6.3600
439,Ni,50.86844288,35210.88659,6519617.647,353.694516,6.8200
440,Ni,45.36980223,52751.95824,5231733.66,354.55784,7.4700
441,Ni,29.52782816,108665.52,1620678.097,237.024306,7.6100
442,Ni,25.49363926,120305.9731,702037.8666,125.703693,7.1700
443,Ni,40.76669861,162002.9429,4666158.075,408.261459,7.5100
444,Ni,37.418439,246456.9433,4120824.37,395.439322,7.3300
445,Ni,38.66032149,343755.6341,4542694.366,401.538589,7.4100
446,Ni,36.95491173,488971.1408,4955973.759,383.859602,6.3400
447,Ni,33.00812234,619648.8289,4194094.316,362.988832,6.2200
448,Ni,28.19237062,788629.8273,3432113.038,334.789611,5.3500
449,Ni,37.69822895,265074.8623,5151271.34,326.313331,6.1300
450,Ni,49.39640183,132411.0067,12956730.44,324.207533,6.8000
451,Ni,46.53119158,108302.6893,5090271.429,341.159926,6.4800
452,Ni,39.98067768,148588.6353,4892306.984,328.580665,7.7533
453,Ni,42.39904194,138222.8809,4885962.905,378.339714,7.5600
454,Ni,43.44751803,157896.7891,4675755.552,398.68651,7.0400
455,Ni,41.21042898,247625.9674,3847072.514,401.047825,6.8500
456,Ni,39.25526849,485226.4126,5236661.949,402.283581,6.3600
457,Ni,39.04896339,452890.3732,4909694.733,382.726743,7.0500
458,Ni,37.89350797,497175.0355,5064389.803,381.229757,6.7800
459,Ni,38.12403431,365978.587,5152385.267,365.399606,6.6800
460,Ni,34.24908798,286243.2317,4294282.944,312.704931,6.1200
461,Ni,52.73723866,32957.78877,6915241.475,321.287493,7.3500
462,Ni,50.13897703,50810.3857,7820263.098,317.857252,6.4100
463,Ni,40.54401738,131346.4757,4779269.296,340.274589,7.1100
464,Ni,37.33824848,140918.1735,3508909.386,303.948231,6.8200
465,Ni,40.54519039,272930.9215,5428530.567,372.607491,6.1000
466,Ni,41.14961316,277731.5809,5289786.043,360.205191,6.7000
467,Ni,36.72167031,468497.8005,4877084.454,360.500921,6.6500
468,Ni,30.09716962,613279.9045,4093384.552,333.075648,5.6400
469,Ni,29.13947359,522866.5654,3845346.746,312.443637,5.2900
470,Ni,50.15455678,87541.37292,5662062.766,315.811406,7.9800
471,Ni,51.35156285,29863.72239,6684015.714,337.047865,7.2700
472,Ni,41.36155816,218516.7515,8372852.698,321.056938,6.9000
473,Ni,43.88377654,118458.7915,5857147.848,332.572907,6.7900
474,Ni,30.10842488,156394.5527,2148351.277,269.767784,6.4500
475,Ni,38.94333405,74237.29751,4367981.171,266.875544,6.8200
476,Ni,39.76851159,73059.55176,5483426.336,306.326603,6.8200
477,Ni,36.71056043,415950.0738,5023641.433,347.278311,6.3600
478,Ni,32.22263779,303964.948,2468282.598,269.394563,6.5600
479,Ni,31.48827314,546558.4801,4344064.582,338.38061,5.7100
480,Ni,26.57782378,652826.6388,3456287.622,304.743714,5.1700
481,Ni,28.55453942,361124.8803,3141728.282,283.353686,5.9400
482,Ni,52.21253917,58901.90159,5502441.639,302.917568,8.4500
483,Ni,49.10097691,88830.10464,6041182.101,327.624774,7.6400
484,Ni,48.87394804,81105.8257,6583232.241,333.597166,7.2300
485,Ni,46.29032651,168325.8316,6301697.983,355.38895,6.8000
486,Ni,46.15490123,86776.81264,6298457.558,340.750214,6.4200
487,Ni,43.19053293,87673.25012,5277670.758,334.725696,6.5900
488,Ni,40.69842987,356017.3301,5999939.363,353.342352,6.1400
489,Ni,36.25792014,410312.988,5210493.916,340.453719,6.1900
490,Ni,32.13376729,456596.6203,4530337.457,335.713333,5.9700
491,Ni,25.23775845,719322.5408,2860237.138,303.371707,5.2800
492,Ni,29.56712331,343289.0068,3003976.073,286.767029,6.3300
493,Ni,50.50733557,65521.47203,6844897.045,347.112213,7.4800
494,Ni,46.98434154,43823.38975,5180874.307,334.7383,7.3500
495,Ni,48.44891836,64621.05363,6593866.643,335.838808,7.0900
496,Ni,43.69605408,117379.4498,5787112.702,315.229834,6.9500
497,Ni,44.21130053,114548.7329,6084402.995,345.778565,6.7600
498,Ni,43.74970652,222766.2844,6467494.044,353.25871,6.4200
499,Ni,42.93618948,218905.3345,6096727.545,352.670359,6.6700
500,Ni,40.21686955,266600.7831,5802721.941,348.885257,6.6000
501,Ni,28.62792292,504510.5667,3542555.827,322.12651,5.9300
502,Ni,28.40592501,460563.1951,3301145.519,318.054353,6.2400
503,Ni,31.47688847,337484.3018,2848236.325,277.158479,7.4000
504,Ni,51.96311166,11763.3569,4876204.856,296.205419,10.2000
505,Ni,53.10298457,15758.61269,5852872.828,327.126864,8.9400
506,Ni,51.36116899,45075.63371,6224778.907,340.998684,8.3400
507,Ni,47.72371626,84407.7206,5748707.085,345.774443,7.6600
508,Ni,22.54839948,77324.57415,327740.0952,60.3,7.2700
509,Ni,35.68175265,149878.0028,2795500.531,295.905521,7.3300
510,Ni,42.39287636,236710.6887,5673366.838,344.116521,6.8900
511,Ni,43.0774882,193728.0338,5813864.955,346.3226,7.0900
512,Ni,34.5379276,337018.2689,4584693.749,333.711215,6.8300
513,Ni,38.10541686,269555.2748,4879509.971,341.422767,7.4200
514,Ni,38.18764046,191365.219,4536961.31,335.437212,7.7100
515,Ni,28.0843006,527844.9942,2726927.496,301.992362,6.8100
516,Ni,48.97511168,16139.81055,4283776.746,300.808826,10.8225
517,Ni,50.57604843,16448.23814,5104059.48,321.604313,9.7900
518,Ni,51.78752718,20736.14951,5330855.999,332.441662,9.2800
519,Ni,46.81117449,101677.0967,4957380.719,289.699971,9.2900
520,Ni,45.96280018,159278.9341,5554553.054,319.046441,8.1500
521,Ni,35.54355658,606756.3205,1627933.432,313.573457,7.2100
522,Ni,42.75290334,171963.6268,4935781.919,320.554454,7.5900
523,Ni,40.0718518,284957.4017,5092493.151,323.72221,7.5000
524,Ni,40.47581561,254553.2586,5305076.994,329.047532,7.3700
525,Ni,35.92536685,291783.2203,4622558.334,330.452868,7.2700
526,Ni,36.01565896,248073.448,4063644.262,325.068752,7.6000
527,Ni,26.73623737,586064.2533,2604175.332,311.573006,6.3800
528,Ni,36.92667148,194196.8863,3649206.691,309.241614,8.5500
529,Ni,48.32477836,24938.32193,4633848.404,301.244719,9.8600
530,Ni,44.71372124,68402.7852,4353321.783,226.38237,9.7700
531,Ni,45.80458808,121360.8166,5045917.65,301.462712,8.5700
532,Ni,25.35789969,74795.10497,344689.0106,69.4,8.0700
533,Ni,44.77640646,171037.6021,5286202.786,321.868332,8.2100
534,Ni,38.68499435,256201.2531,4433986.701,306.770977,7.8000
535,Ni,31.79158001,345726.514,3028232.407,284.450742,7.0500
536,Ni,28.96167529,534289.7119,2870917.083,302.373188,7.1100
537,Ni,30.30904857,412847.2976,3132620.812,299.504514,7.2100
538,Ni,30.90785375,439476.2481,2820188.431,297.973289,7.5900
539,Ni,43.22740115,23739.08297,3381446.042,273.7503,9.4100
540,Ni,44.17792312,6484.942344,2187530.218,133.071117,12.7000
541,Ni,41.13910667,17390.05283,2049942.744,137.755505,11.4046
542,Ni,42.59334282,54371.48784,3133571.049,204.743246,10.2000
543,Ni,41.66735317,54465.60498,2764744.266,210.453933,10.0000
544,Ni,42.99725557,95373.92566,4375537.694,266.069721,8.7700
545,Ni,28.38563045,484276.0064,2577342.547,282.04132,6.6600
546,Ni,32.16779021,296946.7978,2922597.47,270.941295,7.6000
547,Ni,25.67557671,94206.71899,369702.9434,70.5,7.7500
548,Ni,30.56286183,355756.9706,2767568.476,280.508226,8.2500
549,Ni,26.73217275,32040.02948,403602.8201,81.7,8.7200